{
  "Logistic Regression": {
    "accuracy": 0.9898528843790597,
    "precision": 0.13414634146341464,
    "recall": 0.8979591836734694,
    "f1_score": 0.23342175066312998,
    "roc_auc": 0.9764816590676788,
    "confusion_matrix": [
      [
        56296,
        568
      ],
      [
        10,
        88
      ]
    ]
  },
  "Random Forest": {
    "accuracy": 0.9984024437344194,
    "precision": 0.5209580838323353,
    "recall": 0.8877551020408163,
    "f1_score": 0.6566037735849056,
    "roc_auc": 0.9848693768447164,
    "confusion_matrix": [
      [
        56784,
        80
      ],
      [
        11,
        87
      ]
    ]
  },
  "XGBoost": {
    "accuracy": 0.9981917769741231,
    "precision": 0.4857142857142857,
    "recall": 0.8673469387755102,
    "f1_score": 0.6227106227106227,
    "roc_auc": 0.9795814288011209,
    "confusion_matrix": [
      [
        56774,
        90
      ],
      [
        13,
        85
      ]
    ]
  }
}